{
  "mfcc_mean": [
    -278.4348449707031,
    132.7671356201172,
    -62.22339630126953,
    -18.546098709106445,
    -15.602628707885742,
    -19.404085159301758,
    -14.183671951293945,
    -12.709885597229004,
    -7.6794352531433105,
    -4.536273956298828,
    -9.155537605285645,
    -5.799459457397461,
    -5.061459541320801,
    -7.030318737030029,
    -5.2687482833862305,
    -6.461189270019531,
    -5.826895236968994,
    -0.14593173563480377,
    -0.49658018350601196,
    -1.2316116094589233
  ],
  "mfcc_std": [
    80.09126281738281,
    42.751834869384766,
    30.989656448364258,
    22.369125366210938,
    15.895828247070312,
    12.737688064575195,
    10.153959274291992,
    9.696724891662598,
    9.303804397583008,
    9.185590744018555,
    8.275598526000977,
    8.421796798706055,
    9.737530708312988,
    11.879720687866211,
    12.52829647064209,
    14.040454864501953,
    15.09146785736084,
    13.604876518249512,
    13.699745178222656,
    15.080350875854492
  ],
  "mfcc_delta_mean": [
    -0.00523091247305274,
    -0.009582637809216976,
    -0.00811466109007597,
    -0.002325811656191945,
    -0.0006488459184765816,
    0.0015126041835173965,
    0.004565213341265917,
    0.0027189827524125576,
    -0.000824572576675564,
    -0.0028430393431335688,
    -0.002344250213354826,
    0.0005063845310360193,
    0.0015330803580582142,
    0.0005512112402357161,
    0.0007936861948110163,
    0.0026486648712307215,
    0.003872450441122055,
    0.0023109782487154007,
    0.0008600929868407547,
    0.0013177728978917003
  ],
  "spectral_centroid_mean": 1289.11632426505,
  "spectral_rolloff_mean": 2095.1009114583335,
  "zcr_mean": 0.08202156696558764,
  "source_file": "me.mov",
  "demucs_used": true
}